﻿Designator,Footprint,Quantity,Value,LCSC Part #
C1,C_0603_,1,10uF 50V,C1591
C5,C_0402,1,100nF,
C6,C_0603_,1,10uF 6.3V,C1691
C7,C_0603_,1,100nF,
D1,SOT-363_SC-70-6,1,BAV99S,C96225
D5,LED-RGB-1.6x1.6,1,RGB,C264508
J1,PinHeader_1x05_P2.54mm_Right,1,Shelly 1,C225491
J2,PinHeader_1x07_P1.27mm_Vertical,1,Conn_01x07,C2832274
J3,USC16-TR,1,USB-C,C709357
L2,L_4x4_,1,10uH,
Q1,SOT-23-6,1,AP2003,C2849575
"R1, R2",R_0402,2,5K1,
R10,R_0402_,1,1M,
R11,R_0402,1,680R,
R12,R_0402,1,2K,
R13,R_0402,1,220R,
R3,R_0402_,1,124k,
R4,R_0402_,1,39k2,
U1,SOT-23-6-MD8942,1,MD8942,C2684786
U2,SOT-353_SC-70-5,1,74LVC1G07,C5138996
U3,CH340X,1,CH340X,C3035748
U4,SOT-353_SC-70-5,1,74LVC1G06SE-7,C460519
